product_name,product_url,time_text,variant_name,review_text
Kotak kancing panjang obat diansari pernak pernik 20Â½ x 9 x 4 cm tebal - Tempat pernak pernik obat mur baut grosirVariasi: Diansari panjang,/Kotak-kancing-panjang-obat-diansari-pernak-pernik-20Â½-x-9-x-4-cm-tebal-Tempat-pernak-pernik-obat-mur-baut-grosir-i.145589728.7734625607,2025-05-03 21:01,Variasi: Diansari panjang,Desain: baikUkuran: baikKualitas Bahan: baikSemoga cepat habis jualannya dan kembali membeli lagi ke toko ini. Terima kasih.
Celengan mini kakbah L10 P10 T15 cm - Celengan sovenir grosirVariasi: Celengan kakbah,/Celengan-mini-kakbah-L10-P10-T15-cm-Celengan-sovenir-grosir-i.145589728.28825756480,2025-05-03 20:49,Variasi: Celengan kakbah,Bagus
(10bks) korek batang kayu jadul gambar grosirVariasi: 10bks korek pelangi,/(10bks)-korek-batang-kayu-jadul-gambar-grosir-i.145589728.11483476549,2025-05-03 20:49,Variasi: 10bks korek pelangi,Bagus
tempat sendok garpu alat tulis 3 ruang HDR Plast kuat tempel tembokVariasi: 3ruang HDR,/tempat-sendok-garpu-alat-tulis-3-ruang-HDR-Plast-kuat-tempel-tembok-i.145589728.10242349357,2025-05-03 20:49,Variasi: 3ruang HDR,Bagus
"Cetakan pastel dumpling plastik BRL tebal mengkilap ukran besar kecil miniVariasi: CETAKAN PASTEL,Besar",/Cetakan-pastel-dumpling-plastik-BRL-tebal-mengkilap-ukran-besar-kecil-mini-i.145589728.7747739184,2025-05-03 20:49,"Variasi: CETAKAN PASTEL,Besar",Bagus
(12pcs) Pen bulpen Bolpenku pen lilit spiral gel murah drhop technologyVariasi: 12bj bulpenku,/(12pcs)-Pen-bulpen-Bolpenku-pen-lilit-spiral-gel-murah-drhop-technology-i.145589728.7516238456,2025-05-03 20:49,Variasi: 12bj bulpenku,Bagus
Cangkir gelas minum plastik gmc gelas bir gagang grosirVariasi: Gelas bir plastik,/Cangkir-gelas-minum-plastik-gmc-gelas-bir-gagang-grosir-i.145589728.5581664849,2025-05-03 20:49,Variasi: Gelas bir plastik,Bagus
Basi prasmanan segi brokoli capucino plus tutup grosirVariasi: Basi segi brokoli,/Basi-prasmanan-segi-brokoli-capucino-plus-tutup-grosir-i.145589728.28054688499,2025-05-03 20:46,Variasi: Basi segi brokoli,Ukuran: ghjDesain: biasa ajKualitas Bahan: jelkTDK amnh
"(isi 6pcs) Nampan loyang bulat kue sunrise 8500 plastik warna warniVariasi: Nmpn sunrise 8500,Isi 3 pcs",/(isi-6pcs)-Nampan-loyang-bulat-kue-sunrise-8500-plastik-warna-warni-i.145589728.25111821403,2025-05-03 20:46,"Variasi: Nmpn sunrise 8500,Isi 3 pcs","Desain: biasaKetebalan: biasaUkuran: biasaBarang yang dikirim tidak lengkap saya pesan nampan dan wakul buah ,yang datang cuma wakul buah ,nampan nya tidak dikirim , tidak amanah sekali.. tolong nampannya dikirim kak .
Respon penjual juga tidak pernah merespon selama chek out. ."
wakul buah pacific coklat plastik serbagunaVariasi: Wakul buah pacific,/wakul-buah-pacific-coklat-plastik-serbaguna-i.145589728.20153306191,2025-05-03 20:46,Variasi: Wakul buah pacific,Ukuran: bKondisi: bKualitas: bPalsuu
(12pcs) Gosok jaring jala hijau cuci piring 8D grosir termurahVariasi: Lusinan jaring_8D,/(12pcs)-Gosok-jaring-jala-hijau-cuci-piring-8D-grosir-termurah-i.145589728.5215724772,2025-05-03 20:30,Variasi: Lusinan jaring_8D,Kegunaan: gak nyerapKualitas Bahan: bukan benang tapi bekas saknya sayur
Termos Capucino 6L dan 8L - Rice Ice bucket ekomonis grosirVariasi: Termos eknomis 6L,/Termos-Capucino-6L-dan-8L-Rice-Ice-bucket-ekomonis-grosir-i.145589728.29500951143,2025-05-03 20:29,Variasi: Termos eknomis 6L,Ukuran: sesuaiDesain: sesuaiKondisi: baik
Termos Capucino 6L dan 8L - Rice Ice bucket ekomonis grosirVariasi: Termos ekonomis 8L,/Termos-Capucino-6L-dan-8L-Rice-Ice-bucket-ekomonis-grosir-i.145589728.29500951143,2025-05-03 20:11,Variasi: Termos ekonomis 8L,Ukuran: pasDesain: okKondisi: okBarang bagus. Kualitas nya juga ok. Harga murah. Bestt bgt pokonya. Makasi ya seller. Semoga berkah
Gelas ukur/takar air gula tebung oval 650 ml by LS plastik grosirVariasi: Gelas ukur pipih,/Gelas-ukur-takar-air-gula-tebung-oval-650-ml-by-LS-plastik-grosir-i.145589728.6419715783,2025-05-03 19:47,Variasi: Gelas ukur pipih,Amanah
"(Isi 6pcs) Tempat kue + tutup segi WKP serbaguna higinis GrosirVariasi: Tempat kue segi WKP,Isi 6 pcs",/(Isi-6pcs)-Tempat-kue-tutup-segi-WKP-serbaguna-higinis-Grosir-i.145589728.24851409448,2025-05-03 19:16,"Variasi: Tempat kue segi WKP,Isi 6 pcs",Desain: bagusKetebalan: lumayanKondisi Barang: baikMakasih pesanan sudah sampai dan sesuai.
(12pcs) Gosok jaring jala hijau cuci piring 8D grosir termurahVariasi: Lusinan jaring_8D,/(12pcs)-Gosok-jaring-jala-hijau-cuci-piring-8D-grosir-termurah-i.145589728.5215724772,2025-05-03 19:15,Variasi: Lusinan jaring_8D,Kegunaan: efektifUkuran: sesuai yg dibutuhkanKualitas Bahan: awet tahan lama
Pengaman regulator - pengunci penahan regulator tabung gas 3 kg dan 12 kgVariasi: Pengaman,/Pengaman-regulator-pengunci-penahan-regulator-tabung-gas-3-kg-dan-12-kg-i.145589728.2408393733,2025-05-03 18:42,Variasi: Pengaman,Ukuran: tipisMaterial: tipis
Termos Capucino 6L dan 8L - Rice Ice bucket ekomonis grosirVariasi: Termos ekonomis 8L,/Termos-Capucino-6L-dan-8L-Rice-Ice-bucket-ekomonis-grosir-i.145589728.29500951143,2025-05-03 18:34,Variasi: Termos ekonomis 8L,Barang datang sesuai pesanan. Pengiriman cepat terimakasih
"Piring seng enamel lurik ukuran 22 cm besar tebal merk TBVariasi: Piring seng lurik,22cm Besar",/Piring-seng-enamel-lurik-ukuran-22-cm-besar-tebal-merk-TB-i.145589728.18783036648,2025-05-03 18:13,"Variasi: Piring seng lurik,22cm Besar",Ketebalan: tebalDesain: menarikKualitas: lumayan
Rak plastik serbaguna susun 3 lovina warna goldVariasi: Rak lovina Gold,/Rak-plastik-serbaguna-susun-3-lovina-warna-gold-i.145589728.24033169934,2025-05-03 18:08,Variasi: Rak lovina Gold,"Alhamdulillah pesanan sudah diterima dengan baik lengkap, produk semuanya sesuai pesanan sangat puas terima kasih"
Tempat sendok weishan plus tutup higenis dan praktisVariasi: Tempat sendok wishan,/Tempat-sendok-weishan-plus-tutup-higenis-dan-praktis-i.145589728.20986136628,2025-05-03 17:59,Variasi: Tempat sendok wishan,"Pesen macem-macem, barang datangnya lengkap dan aman, terima kasih ğŸ™"
(12pak) Cotten bud - cotton bud motif bunga halus dan lembut grosirVariasi: 1pak cotenbud bunga,/(12pak)-Cotten-bud-cotton-bud-motif-bunga-halus-dan-lembut-grosir-i.145589728.16880893501,2025-05-03 17:59,Variasi: 1pak cotenbud bunga,"Pesen macem-macem, barang datangnya lengkap dan aman, terima kasih ğŸ™"
Kapas selection facial cotten 100% higienis 35 gramVariasi: Kapas selection,/Kapas-selection-facial-cotten-100-higienis-35-gram-i.145589728.16472128299,2025-05-03 17:59,Variasi: Kapas selection,"Pesen macem-macem, barang datangnya lengkap dan aman, terima kasih ğŸ™"
(12 pcs) lap serbet dapur warna warni besar tebal kotak kotak 51x51 cm - grosir lap dapur warnaVariasi: 12bj Lap_warna,/(12-pcs)-lap-serbet-dapur-warna-warni-besar-tebal-kotak-kotak-51x51-cm-grosir-lap-dapur-warna-i.145589728.4834377203,2025-05-03 17:59,Variasi: 12bj Lap_warna,"Pesen macem-macem, barang datangnya lengkap dan aman, terima kasih ğŸ™

Tapi agak tipis ğŸ¤­"
Botol saos kecap meme club pendek 200 ml plastik - botol saos murahVariasi: Meme club pendek,/Botol-saos-kecap-meme-club-pendek-200-ml-plastik-botol-saos-murah-i.145589728.3839369326,2025-05-03 17:59,Variasi: Meme club pendek,"Pesen macem-macem, barang datangnya lengkap dan aman, terima kasih ğŸ™

Botol kecapnya kecil, imut ğŸ¤­"
Carat air ukuran 9 plastik corong minyak kecil serbaguna mini bahan plastikVariasi: CORONG_9,/Carat-air-ukuran-9-plastik-corong-minyak-kecil-serbaguna-mini-bahan-plastik-i.145589728.3819930519,2025-05-03 17:59,Variasi: CORONG_9,"Pesen macem-macem, barang datangnya lengkap dan aman, terima kasih ğŸ™"
